run_id,market,lookback_label,lookback_days,skip_label,skip_days,quantile,evaluation_start,evaluation_end,runtime_seconds,rebal_freq,gross_exposure,transaction_cost_bps,portfolio_accounting,annualization_days,start_date,end_date,n_days,total_return,annualized_return,annualized_vol,sharpe,max_drawdown,calmar,daily_hit_rate,n_rebalances,total_turnover,annualized_turnover,avg_rebalance_turnover,avg_n_eligible,avg_n_long,avg_n_short,min_n_long,min_n_short,min_daily_gross_exposure,max_daily_gross_exposure,max_abs_daily_net_exposure,days_with_stale_held_prices,avg_stale_held_gross_exposure,max_stale_held_gross_exposure,n_stale_recovery_events,max_abs_stale_recovery_return,max_abs_stale_recovery_contribution
us_lb6M_sk0M_q10,us,6M,126,0M,0,0.1,1992-01-02,2024-12-31,35.078071083000395,ME,1.0,0.0,fixed_notional_sleeves,252,1992-01-02,2024-12-31,8311,1.4702774588340661,0.02779984047896611,0.1198330786437898,0.28903812206975027,-0.4604428693674424,0.060376307960111536,0.5455420527012393,396,164.3352705692795,4.982852627055521,0.41498805699312996,2242.5454545454545,223.7828282828283,223.7828282828283,120,120,0.9999999999999996,1.0000000000000004,3.3306690738754696e-16,7492,0.008172370511449893,0.06888467606494286,3427,3.444445,0.00626480956789633
us_lb6M_sk0M_q20,us,6M,126,0M,0,0.2,1992-01-02,2024-12-31,59.37409937499615,ME,1.0,0.0,fixed_notional_sleeves,252,1992-01-02,2024-12-31,8311,0.9138588267822769,0.019877154605800973,0.09742199857680565,0.2509465814858257,-0.39699329102159675,0.05006924564052555,0.5481891469137288,396,142.0180075796447,4.306165071600344,0.35863133227183003,2242.5454545454545,448.1136363636364,448.1136363636364,241,241,0.9999999999999996,1.0000000000000004,2.7755575615628914e-16,8031,0.006542092087943324,0.048286653467927,6713,3.444445,0.0031432704342447696
us_lb6M_sk0M_q30,us,6M,126,0M,0,0.3,1992-01-02,2024-12-31,77.89150970899937,ME,1.0,0.0,fixed_notional_sleeves,252,1992-01-02,2024-12-31,8311,0.6615151186825357,0.015514124702912468,0.08166528117115433,0.22949625751996192,-0.3490607651694342,0.04444534090040715,0.5454217302370352,396,123.91514183133341,3.7572633547703074,0.31291702482659955,2242.5454545454545,672.3131313131313,672.3131313131313,362,362,0.9999999999999996,1.0000000000000004,2.7755575615628914e-16,8164,0.005650557933980903,0.038016733712028905,10229,3.444445,0.0020944813160789543
us_lb6M_sk1M_q10,us,6M,126,1M,21,0.1,1992-01-02,2024-12-31,35.310556165997696,ME,1.0,0.0,fixed_notional_sleeves,252,1992-01-02,2024-12-31,8311,3.3901796894282006,0.04587762829309305,0.11464827792340145,0.4488132809029431,-0.45924638209102675,0.09989763682885083,0.5394056070268319,396,164.407372392686,4.985038845260122,0.4151701323047627,2227.002525252525,222.21969696969697,222.21969696969697,116,116,0.9999999999999996,1.0000000000000004,3.3306690738754696e-16,7302,0.00736963608075658,0.07375983390003071,2825,3.444445,0.006340161787078255
us_lb6M_sk1M_q20,us,6M,126,1M,21,0.2,1992-01-02,2024-12-31,60.07721933299763,ME,1.0,0.0,fixed_notional_sleeves,252,1992-01-02,2024-12-31,8311,1.690693803716362,0.03046685436881469,0.09338046906474913,0.36826805835261783,-0.364539765861985,0.08357621642942915,0.5394056070268319,396,142.2123882637065,4.312058939051141,0.3591221925851174,2227.002525252525,444.9823232323232,444.9823232323232,232,232,0.9999999999999996,1.0000000000000004,2.7755575615628914e-16,7971,0.006056465003971266,0.0414220795783277,5491,3.444445,0.0031489565712519963
us_lb6M_sk1M_q30,us,6M,126,1M,21,0.3,1992-01-02,2024-12-31,78.35289770799864,ME,1.0,0.0,fixed_notional_sleeves,252,1992-01-02,2024-12-31,8311,1.0483559162650202,0.021979548718248365,0.07858515099551237,0.31609113955663065,-0.3215803209810386,0.06834855021972674,0.5361569004933221,396,124.33378254340039,3.769957069057502,0.3139741983419202,2227.002525252525,667.6767676767677,667.6767676767677,348,348,0.9999999999999997,1.0000000000000004,3.3306690738754696e-16,8155,0.005328688677726677,0.035943110330898684,8591,3.444445,0.0021001513581177947
us_lb6M_sk3M_q10,us,6M,126,3M,63,0.1,1992-01-02,2024-12-31,34.63147133399616,ME,1.0,0.0,fixed_notional_sleeves,252,1992-01-02,2024-12-31,8311,3.2746678103879434,0.04503239998338904,0.10044483130789754,0.489012249195197,-0.4282036827735759,0.10516583998461573,0.5362772229575262,396,164.06701879354108,4.974718894955163,0.4143106535190432,2203.790404040404,219.93686868686868,219.93686868686868,116,116,0.9999999999999996,1.0000000000000004,3.3306690738754696e-16,7235,0.006913984703108066,0.06571307729109288,2776,3.444445,0.006442991863145487
us_lb6M_sk3M_q20,us,6M,126,3M,63,0.2,1992-01-02,2024-12-31,57.40579266699933,ME,1.0,0.0,fixed_notional_sleeves,252,1992-01-02,2024-12-31,8311,1.6729775907896096,0.030260469385622324,0.08192334237065546,0.40503557598657597,-0.36280825335345224,0.08340623209622026,0.5338707736734448,396,142.27930399951018,4.314087908540076,0.3592911717159347,2203.790404040404,440.3459595959596,440.3459595959596,233,233,0.9999999999999996,1.0000000000000004,3.3306690738754696e-16,7943,0.00580558886811561,0.050378703285851985,5575,3.444445,0.0032072890686377802
us_lb6M_sk3M_q30,us,6M,126,3M,63,0.3,1992-01-02,2024-12-31,77.24555466600577,ME,1.0,0.0,fixed_notional_sleeves,252,1992-01-02,2024-12-31,8311,1.0442677304537247,0.021917642358523448,0.06894853883434245,0.3490490889012259,-0.30450134647383764,0.07197880276173617,0.5355552881723018,396,124.54644556368353,3.77640527999618,0.31451122617091803,2203.790404040404,660.689393939394,660.689393939394,350,350,0.9999999999999997,1.0000000000000004,2.7755575615628914e-16,8148,0.0052076774487986996,0.03714712261671207,8534,3.444445,0.0021279892654053434
us_lb12M_sk0M_q10,us,12M,252,0M,0,0.1,1992-01-02,2024-12-31,34.368139999998675,ME,1.0,0.0,fixed_notional_sleeves,252,1992-01-02,2024-12-31,8311,1.4573946271986382,0.027636902661744456,0.1244098595182005,0.28167507850003004,-0.5701076702613663,0.048476637139567506,0.5349536758512814,396,125.42230865406624,3.80296255334192,0.3167230016516825,2176.777777777778,217.2247474747475,217.2247474747475,115,115,0.9999999999999996,1.0000000000000004,3.3306690738754696e-16,7222,0.007528739182833487,0.09396428624092311,3212,3.444445,0.006394699985199487
us_lb12M_sk0M_q20,us,12M,252,0M,0,0.2,1992-01-02,2024-12-31,57.42751383299765,ME,1.0,0.0,fixed_notional_sleeves,252,1992-01-02,2024-12-31,8311,1.1377248036270005,0.023303723799752873,0.09973469148062829,0.2810607812137179,-0.4505348090284651,0.051724580060761804,0.5398868968836482,396,108.10478880902431,3.277873514604034,0.2729918909318796,2176.777777777778,434.95454545454544,434.95454545454544,230,230,0.9999999999999996,1.0000000000000004,3.3306690738754696e-16,7940,0.00644942672771808,0.05916138495112926,6574,3.444445,0.003196898062500901
us_lb12M_sk0M_q30,us,12M,252,0M,0,0.3,1992-01-02,2024-12-31,76.8629926249996,ME,1.0,0.0,fixed_notional_sleeves,252,1992-01-02,2024-12-31,8311,0.8954883223748225,0.019578935467903458,0.08389190363346574,0.27323700323472344,-0.39249658496677176,0.04988307215350927,0.5415714113825051,396,94.67216896203493,2.8705795425860674,0.2390711337425124,2176.777777777778,652.5909090909091,652.5909090909091,345,345,0.9999999999999997,1.0000000000000004,2.7755575615628914e-16,8181,0.005777170836241203,0.041969609354711016,10159,3.444445,0.0021298064428739356
us_lb12M_sk1M_q10,us,12M,252,1M,21,0.1,1992-01-02,2024-12-31,34.37770508300309,ME,1.0,0.0,fixed_notional_sleeves,252,1992-01-02,2024-12-31,8311,1.1561256822125046,0.023569693731754215,0.11920397413674186,0.25530607801007493,-0.5485770159521695,0.042965149917635746,0.5296594874263025,396,125.98920815144994,3.8201516609511956,0.318154566039015,2161.308080808081,215.6590909090909,215.6590909090909,112,112,0.9999999999999996,1.0000000000000004,3.3306690738754696e-16,6940,0.006654306177020464,0.06076152259546756,2645,3.444445,0.006371834075384806
us_lb12M_sk1M_q20,us,12M,252,1M,21,0.2,1992-01-02,2024-12-31,57.031743457999255,ME,1.0,0.0,fixed_notional_sleeves,252,1992-01-02,2024-12-31,8311,0.797928783166832,0.01794666298355474,0.09620040164030494,0.2331815658849474,-0.4618733740876696,0.03885624067203369,0.5337504512092408,396,109.11853852407617,3.308611684281939,0.27555186495978834,2161.308080808081,431.84343434343435,431.84343434343435,224,224,0.9999999999999996,1.0000000000000004,2.7755575615628914e-16,7903,0.005831822944118874,0.04613952353632799,5459,3.444445,0.0031751145621135195
us_lb12M_sk1M_q30,us,12M,252,1M,21,0.3,1992-01-02,2024-12-31,76.50386000000435,ME,1.0,0.0,fixed_notional_sleeves,252,1992-01-02,2024-12-31,8311,0.5594022079431757,0.013562967260285497,0.08052453670497085,0.2076941698414531,-0.40456478762320736,0.03352483378488542,0.5347130309228733,396,95.58761595534419,2.898337049783027,0.24138286857410146,2161.308080808081,647.939393939394,647.939393939394,336,336,0.9999999999999997,1.0000000000000004,2.7755575615628914e-16,8143,0.005255232788523957,0.03777187491476494,8291,3.444445,0.002117076162914261
us_lb12M_sk3M_q10,us,12M,252,3M,63,0.1,1992-01-02,2024-12-31,33.96026437499677,ME,1.0,0.0,fixed_notional_sleeves,252,1992-01-02,2024-12-31,8311,0.21813199184318033,0.006000880250510265,0.10630612597466997,0.10961291785392412,-0.5789181359542559,0.010365680184848163,0.5260498135001804,396,126.38425872754223,3.832130092568962,0.31915216850389444,2138.0530303030305,213.35858585858585,213.35858585858585,112,112,0.9999999999999996,1.0000000000000004,3.885780586188048e-16,6939,0.00643838950196834,0.06338674575023284,2687,3.444445,0.006395444974520813
us_lb12M_sk3M_q20,us,12M,252,3M,63,0.2,1992-01-02,2024-12-31,55.86570741600008,ME,1.0,0.0,fixed_notional_sleeves,252,1992-01-02,2024-12-31,8311,0.1419817396820413,0.004033719528158786,0.08574522684927408,0.08994462157643571,-0.5078951093304216,0.007942032624564154,0.5261701359643846,396,109.07160660865011,3.3071886494260414,0.2754333500218437,2138.0530303030305,427.199494949495,427.199494949495,224,224,0.9999999999999996,1.0000000000000004,3.3306690738754696e-16,7862,0.005537117779805189,0.046124523321564644,5419,3.444445,0.00318734526674296
us_lb12M_sk3M_q30,us,12M,252,3M,63,0.3,1992-01-02,2024-12-31,77.05832195899711,ME,1.0,0.0,fixed_notional_sleeves,252,1992-01-02,2024-12-31,8311,0.11857899652105175,0.0034035530018725613,0.0719184842776847,0.08329690540582235,-0.46080271671156325,0.0073861391837301065,0.5249669113223439,396,95.63545229893438,2.8997875080413267,0.24150366742155147,2138.0530303030305,640.9671717171717,640.9671717171717,336,336,0.9999999999999996,1.0000000000000004,3.3306690738754696e-16,8121,0.00516762463903589,0.037233495128615,8203,3.444445,0.002127026250454233
us_lb24M_sk0M_q10,us,24M,504,0M,0,0.1,1992-01-02,2024-12-31,32.89662649999809,ME,1.0,0.0,fixed_notional_sleeves,252,1992-01-02,2024-12-31,8311,-0.5854197299724384,-0.0263442981524189,0.11305405408421725,-0.17933311888981268,-0.803395633038934,-0.03279118913401189,0.5241246540729154,396,100.44247906674522,3.0455426212032,0.25364262390592224,2051.419191919192,204.6969696969697,204.6969696969697,109,109,0.9999999999999996,1.0000000000000004,3.3306690738754696e-16,7067,0.0071779330386320325,0.08304296807973637,3329,3.444445,0.006629807431275402
us_lb24M_sk0M_q20,us,24M,504,0M,0,0.2,1992-01-02,2024-12-31,54.408143291999295,ME,1.0,0.0,fixed_notional_sleeves,252,1992-01-02,2024-12-31,8311,-0.5066610504696157,-0.021195895752900706,0.08966612711057673,-0.1939227448661495,-0.7128483271350458,-0.029734089210937075,0.5237636866803033,396,86.0423155051642,2.6089115037060977,0.2172785745079904,2051.419191919192,409.8939393939394,409.8939393939394,218,218,0.9999999999999996,1.0000000000000004,3.3306690738754696e-16,7882,0.006083716115618805,0.049560023908207705,6229,3.444445,0.003287481429202496
us_lb24M_sk0M_q30,us,24M,504,0M,0,0.3,1992-01-02,2024-12-31,75.00332154100033,ME,1.0,0.0,fixed_notional_sleeves,252,1992-01-02,2024-12-31,8311,-0.43920208256340576,-0.017384765741079722,0.07443108200463004,-0.19828901500627985,-0.6290444463494764,-0.027636784398890182,0.5229214294308747,396,75.9105438327976,2.3017034106443264,0.19169329250706466,2051.419191919192,614.9772727272727,614.9772727272727,328,328,0.9999999999999996,1.0000000000000004,3.3306690738754696e-16,8134,0.005602893536283443,0.04013108171798657,9135,3.444445,0.00218250157804811
us_lb24M_sk1M_q10,us,24M,504,1M,21,0.1,1992-01-02,2024-12-31,32.932889625000826,ME,1.0,0.0,fixed_notional_sleeves,252,1992-01-02,2024-12-31,8311,-0.48836015602387195,-0.02011427175467273,0.11018429444443772,-0.129092874367309,-0.7448048357308448,-0.027006097154210155,0.5220791721814463,396,101.45338643808947,3.0761946074357533,0.25619542029820574,2037.5151515151515,203.31313131313132,203.31313131313132,108,108,0.9999999999999996,1.0000000000000004,3.3306690738754696e-16,6787,0.006377307501419294,0.07712861688302895,2700,3.444445,0.006653391568987507
us_lb24M_sk1M_q20,us,24M,504,1M,21,0.2,1992-01-02,2024-12-31,54.668632249995426,ME,1.0,0.0,fixed_notional_sleeves,252,1992-01-02,2024-12-31,8311,-0.44488106869859323,-0.017687970809232012,0.08752590878869557,-0.1599988031442275,-0.6605001131385897,-0.0267796635570305,0.5244856214655276,396,86.7558933146329,2.6305480826961247,0.2190805386733154,2037.5151515151515,407.1060606060606,407.1060606060606,216,216,0.9999999999999996,1.0000000000000004,3.3306690738754696e-16,7838,0.005518019040532075,0.05473050950710874,5010,3.444445,0.0033011553322970025
us_lb24M_sk1M_q30,us,24M,504,1M,21,0.3,1992-01-02,2024-12-31,73.14530591700168,ME,1.0,0.0,fixed_notional_sleeves,252,1992-01-02,2024-12-31,8311,-0.37857768719769047,-0.014321625088291157,0.07302891767165964,-0.16091498261073792,-0.5801458900662171,-0.02468624760343731,0.5207556250752016,396,76.49179400794073,2.3193276488991774,0.19316109597964826,2037.5151515151515,610.8080808080808,610.8080808080808,324,324,0.9999999999999997,1.0000000000000004,3.3306690738754696e-16,8100,0.005091054809557028,0.039069544817531096,7491,3.444445,0.0021960719421657377
us_lb24M_sk3M_q10,us,24M,504,3M,63,0.1,1992-01-02,2024-12-31,33.01299937500153,ME,1.0,0.0,fixed_notional_sleeves,252,1992-01-02,2024-12-31,8311,-0.6119850263002438,-0.028297393625992928,0.10028225850525492,-0.23597609551754412,-0.7395330239514517,-0.038263867480582685,0.5171459511490796,396,101.1385846231606,3.0666494194484986,0.25540046622010254,2015.5025252525252,201.1161616161616,201.1161616161616,108,108,0.9999999999999996,1.0000000000000004,3.3306690738754696e-16,6816,0.0062043263774376025,0.07554379570053024,2790,3.444445,0.006712849846981734
us_lb24M_sk3M_q20,us,24M,504,3M,63,0.2,1992-01-02,2024-12-31,53.530377832998056,ME,1.0,0.0,fixed_notional_sleeves,252,1992-01-02,2024-12-31,8311,-0.5334141826759753,-0.022849211914320544,0.0798908675362736,-0.24929043944331952,-0.6500498927021234,-0.035149935675461895,0.5220791721814463,396,86.83556419462467,2.6329638042408154,0.21928172776420365,2015.5025252525252,402.70959595959596,402.70959595959596,216,216,0.9999999999999996,1.0000000000000004,2.7755575615628914e-16,7805,0.005514773742553682,0.04734871707665549,5092,3.444445,0.0033340289631736235
us_lb24M_sk3M_q30,us,24M,504,3M,63,0.3,1992-01-02,2024-12-31,71.44785120799497,ME,1.0,0.0,fixed_notional_sleeves,252,1992-01-02,2024-12-31,8311,-0.4717715806207625,-0.019165786896069847,0.06639364241777046,-0.2582112515321723,-0.5607766601730568,-0.034177219305374165,0.5201540127541812,396,76.5743528404505,2.321830936805863,0.1933695778799255,2015.5025252525252,604.1994949494949,604.1994949494949,324,324,0.9999999999999996,1.0000000000000004,2.7755575615628914e-16,8076,0.005094676304666911,0.03672118366749194,7482,3.444445,0.0022198413527086043
moex_lb6M_sk0M_q10,moex,6M,126,0M,0,0.1,2015-07-01,2024-12-30,3.2004819590001716,ME,1.0,0.0,fixed_notional_sleeves,252,2015-07-01,2024-12-30,2407,1.4854357545460801,0.10000973083256692,0.1428395727331403,0.7387804480921843,-0.284192359878492,0.35190858359220717,0.5230577482343166,114,49.22140531736456,5.153217341078466,0.4317667133102155,75.14035087719299,6.991228070175438,6.991228070175438,4,4,0.9999999999999998,1.0000000000000004,2.498001805406602e-16,98,0.010170738962703997,1.0,42,0.49504950495049505,0.03336694561398171
moex_lb6M_sk0M_q20,moex,6M,126,0M,0,0.2,2015-07-01,2024-12-30,3.405248000002757,ME,1.0,0.0,fixed_notional_sleeves,252,2015-07-01,2024-12-30,2407,1.3378852415236953,0.0929840171951064,0.09641806517311596,0.9705446817001308,-0.17872789196029792,0.520254651779598,0.5346904860822601,114,41.36313859178037,4.330498930257022,0.36283454905070506,75.14035087719299,14.578947368421053,14.578947368421053,8,8,0.9999999999999997,1.0000000000000004,2.220446049250313e-16,154,0.01025339239359466,1.0000000000000002,92,0.9905094396164219,0.020866789492866095
moex_lb6M_sk0M_q30,moex,6M,126,0M,0,0.3,2015-07-01,2024-12-30,3.3652963749991613,ME,1.0,0.0,fixed_notional_sleeves,252,2015-07-01,2024-12-30,2407,1.0777337481723492,0.07956789280702825,0.07562437198350003,1.0504014168608455,-0.2002069994061032,0.3974281271037453,0.5409223099293726,114,35.278902017524956,3.693511968598375,0.30946405278530664,75.14035087719299,22.105263157894736,22.105263157894736,13,13,0.9999999999999996,1.0000000000000004,2.3592239273284576e-16,191,0.009871323510127913,1.0,133,0.9905094396164219,0.013786116835740334
moex_lb6M_sk1M_q10,moex,6M,126,1M,21,0.1,2015-07-01,2024-12-30,3.2214386249979725,ME,1.0,0.0,fixed_notional_sleeves,252,2015-07-01,2024-12-30,2407,1.0819587869247562,0.07979751835443705,0.12977974452595126,0.6563758497685679,-0.29118197676013535,0.27404690098718304,0.5213959285417532,114,48.965295359389025,5.126404001066071,0.42952013473148276,74.70175438596492,6.947368421052632,6.947368421052632,4,4,0.9999999999999997,1.0000000000000004,2.3592239273284576e-16,116,0.011515628966660743,1.0,46,0.49504950495049505,0.03339261512483115
moex_lb6M_sk1M_q20,moex,6M,126,1M,21,0.2,2015-07-01,2024-12-30,3.287104167000507,ME,1.0,0.0,fixed_notional_sleeves,252,2015-07-01,2024-12-30,2407,1.0682993148501567,0.0790536304295626,0.092264585597385,0.8709139166834109,-0.21430574818047676,0.3688824546273387,0.5263813876194433,114,41.12301758628424,4.305359547878533,0.36072822444108976,74.70175438596492,14.491228070175438,14.491228070175438,8,8,0.9999999999999997,1.0000000000000004,2.463307335887066e-16,161,0.010464035192367847,1.0000000000000002,93,0.49504950495049505,0.016399147991833913
moex_lb6M_sk1M_q30,moex,6M,126,1M,21,0.3,2015-07-01,2024-12-30,3.4892321250008536,ME,1.0,0.0,fixed_notional_sleeves,252,2015-07-01,2024-12-30,2407,0.9255694935857655,0.07100580026814218,0.07135881758344634,0.9971494732764121,-0.18448920204990282,0.3848778111628218,0.5321977565434151,114,35.614706797188724,3.7286689293276103,0.31240970874726953,74.70175438596492,21.982456140350877,21.982456140350877,13,13,0.9999999999999996,1.0000000000000002,3.0531133177191805e-16,213,0.009960893177863283,1.0000000000000002,135,0.49504950495049505,0.0107891228141907
moex_lb6M_sk3M_q10,moex,6M,126,3M,63,0.1,2015-07-01,2024-12-30,3.191655542002991,ME,1.0,0.0,fixed_notional_sleeves,252,2015-07-01,2024-12-30,2407,1.045518759722396,0.07780317166620643,0.13337231973575572,0.6283609487401361,-0.19614115898793905,0.39666927669674185,0.5180722891566265,114,48.74170687222512,5.102995484753108,0.4275588322125011,73.87719298245614,6.885964912280702,6.885964912280702,4,4,0.9999999999999997,1.0000000000000002,2.220446049250313e-16,91,0.010361944067058008,1.0,45,0.49504950495049505,0.03267749971321259
moex_lb6M_sk3M_q20,moex,6M,126,3M,63,0.2,2015-07-01,2024-12-30,3.2910008749968256,ME,1.0,0.0,fixed_notional_sleeves,252,2015-07-01,2024-12-30,2407,1.0190639816702691,0.0763352858175863,0.08906713413013764,0.8705376262890323,-0.12227517243829689,0.6242909684392962,0.5205650186954716,114,40.94524746929535,4.286747969365363,0.3591688374499593,73.87719298245614,14.324561403508772,14.324561403508772,8,8,0.9999999999999997,1.0000000000000004,2.498001805406602e-16,152,0.01012501829941923,1.0,89,0.49504950495049505,0.016815089565034375
moex_lb6M_sk3M_q30,moex,6M,126,3M,63,0.3,2015-07-01,2024-12-30,3.3259273749936256,ME,1.0,0.0,fixed_notional_sleeves,252,2015-07-01,2024-12-30,2407,0.6834328240536143,0.05604272003515964,0.06988765882376262,0.8152497973466677,-0.13750768336002162,0.4075606443636244,0.519318653926049,114,35.91328304570611,3.7599282623672368,0.31502879864654476,73.87719298245614,21.75438596491228,21.75438596491228,13,13,0.9999999999999996,1.0000000000000004,2.3592239273284576e-16,163,0.009562789970113018,1.0000000000000002,136,0.49504950495049505,0.010942325867815633
moex_lb12M_sk0M_q10,moex,12M,252,0M,0,0.1,2015-07-01,2024-12-30,3.1843674579940853,ME,1.0,0.0,fixed_notional_sleeves,252,2015-07-01,2024-12-30,2407,1.936484282819292,0.11938388636377595,0.13796882880858682,0.8863203327616254,-0.22294703861455556,0.5354809245534501,0.5267968425425841,114,36.837556251218174,3.856694713463639,0.32313645834401894,72.3157894736842,6.719298245614035,6.719298245614035,0,0,0.9999999999999997,1.0000000000000002,2.220446049250313e-16,72,0.009913103728318294,1.0,46,0.49504950495049505,0.032627299481807086
moex_lb12M_sk0M_q20,moex,12M,252,0M,0,0.2,2015-07-01,2024-12-30,3.3888834589961334,ME,1.0,0.0,fixed_notional_sleeves,252,2015-07-01,2024-12-30,2407,1.3420495730753577,0.09318768122228871,0.09752847188372787,0.962554162731332,-0.16983923450594773,0.5486817076947276,0.5288741171582884,114,30.141281705962253,3.1556306563782663,0.26439720794703736,72.3157894736842,14.052631578947368,14.052631578947368,0,0,0.9999999999999997,1.0000000000000002,2.498001805406602e-16,181,0.010686960494563967,1.0,91,0.49504950495049505,0.01660700141277905
moex_lb12M_sk0M_q30,moex,12M,252,0M,0,0.3,2015-07-01,2024-12-30,3.3445589170005405,ME,1.0,0.0,fixed_notional_sleeves,252,2015-07-01,2024-12-30,2407,1.0009328561927164,0.075319273523196,0.07699743567291746,0.9818048547584036,-0.14956410466073722,0.5035919126052738,0.5288741171582884,114,26.930432949594795,2.819471999708304,0.23623186797890172,72.3157894736842,21.263157894736842,21.263157894736842,0,0,0.9999999999999996,1.0000000000000002,2.498001805406602e-16,199,0.009953499863311748,1.0000000000000002,134,0.9898392453832868,0.012535793552122344
moex_lb12M_sk1M_q10,moex,12M,252,1M,21,0.1,2015-07-01,2024-12-30,3.239095457996882,ME,1.0,0.0,fixed_notional_sleeves,252,2015-07-01,2024-12-30,2407,1.4339820755680521,0.09760318556528969,0.13610652001977955,0.7524157648686356,-0.1959550416495146,0.4980896880411112,0.5301204819277109,114,37.50137064169914,3.926192522521056,0.32895939159385196,72.51754385964912,6.7368421052631575,6.7368421052631575,2,2,0.9999999999999997,1.0000000000000004,2.220446049250313e-16,89,0.010927767575098321,1.0,47,0.49504950495049505,0.03253859036444593
moex_lb12M_sk1M_q20,moex,12M,252,1M,21,0.2,2015-07-01,2024-12-30,3.34056770800089,ME,1.0,0.0,fixed_notional_sleeves,252,2015-07-01,2024-12-30,2407,0.9376403087679113,0.07170673578237441,0.09447521348200326,0.780429229941269,-0.1633279950048364,0.4390351805901435,0.5301204819277109,114,30.096269972108416,3.1509181690782384,0.2640023681763896,72.51754385964912,14.052631578947368,14.052631578947368,4,4,0.9999999999999997,1.0000000000000004,2.5673907444456745e-16,154,0.010344011483205148,1.0000000000000002,93,0.9898392453832868,0.01910563446006512
moex_lb12M_sk1M_q30,moex,12M,252,1M,21,0.3,2015-07-01,2024-12-30,3.521877207997022,ME,1.0,0.0,fixed_notional_sleeves,252,2015-07-01,2024-12-30,2407,0.5931445679113256,0.049965512014457536,0.07411251466528229,0.6950398078308477,-0.1215961721169655,0.4109135274948855,0.516825924387204,114,26.615872022466355,2.7865391564858832,0.23347256160058205,72.51754385964912,21.32456140350877,21.32456140350877,6,6,0.9999999999999996,1.0000000000000002,2.7755575615628914e-16,229,0.010266429751763268,1.0,138,0.9898392453832868,0.012911434305367344
moex_lb12M_sk3M_q10,moex,12M,252,3M,63,0.1,2015-07-01,2024-12-30,3.2664572079956997,ME,1.0,0.0,fixed_notional_sleeves,252,2015-07-01,2024-12-30,2407,0.790322072589265,0.06287095072544524,0.1274070262311624,0.5423184164435606,-0.3297857214326293,0.190641821763314,0.5076859160781055,114,38.44090381372124,4.024556610327275,0.33720091064667757,71.40350877192982,6.640350877192983,6.640350877192983,2,2,0.9999999999999998,1.0000000000000002,2.220446049250313e-16,69,0.010007822445523416,1.0,46,0.49504950495049505,0.03264227360559366
moex_lb12M_sk3M_q20,moex,12M,252,3M,63,0.2,2015-07-01,2024-12-30,3.3726986670008046,ME,1.0,0.0,fixed_notional_sleeves,252,2015-07-01,2024-12-30,2407,0.49411865221706686,0.04293486025223592,0.0882002694247771,0.5208062192619982,-0.20002520955264358,0.21464724545600897,0.5143331948483589,114,30.42664550393502,3.185506716656263,0.2669003991573248,71.40350877192982,13.833333333333334,13.833333333333334,4,4,0.9999999999999997,1.0000000000000004,2.5673907444456745e-16,146,0.010225470826504155,1.0,89,0.9898392453832868,0.019094305838103537
moex_lb12M_sk3M_q30,moex,12M,252,3M,63,0.3,2015-07-01,2024-12-30,3.4189477920008358,ME,1.0,0.0,fixed_notional_sleeves,252,2015-07-01,2024-12-30,2407,0.23865476113367934,0.022660297531845508,0.06999824113161397,0.3551185491661182,-0.13836893513205295,0.16376723222029252,0.5047777316161196,114,26.434229926580898,2.767522202533604,0.23187920988228858,71.40350877192982,21.0,21.0,6,6,0.9999999999999996,1.0000000000000002,2.5500435096859064e-16,199,0.009866068277246249,1.0000000000000002,131,0.9898392453832868,0.012998948455880843
moex_lb24M_sk0M_q10,moex,24M,504,0M,0,0.1,2015-07-01,2024-12-30,3.283397207997041,ME,1.0,0.0,fixed_notional_sleeves,252,2015-07-01,2024-12-30,2407,0.04256884011009365,0.004374017629945159,0.134215718442985,0.09959226187313544,-0.29512004983491213,0.014821146961692202,0.48857498961362694,114,30.603772876495103,3.204051003272441,0.27082984846455843,66.87719298245614,6.245614035087719,6.245614035087719,1,1,0.9999999999999997,1.0000000000000002,2.220446049250313e-16,83,0.009911643324792985,1.0000000000000002,41,0.9898392453832868,0.03953270459828563
moex_lb24M_sk0M_q20,moex,24M,504,0M,0,0.2,2015-07-01,2024-12-30,3.4186594579950906,ME,1.0,0.0,fixed_notional_sleeves,252,2015-07-01,2024-12-30,2407,0.5309121074203598,0.04559452564343669,0.09665335422615605,0.509658936299885,-0.17790655886845086,0.2562835565671897,0.5068550062318239,114,25.465698822632092,2.6661221866652625,0.2233833230055447,66.87719298245614,12.964912280701755,12.964912280701755,1,1,0.9999999999999996,1.0000000000000004,2.220446049250313e-16,138,0.009769690157203026,1.0,76,0.9898392453832868,0.019054929622928256
moex_lb24M_sk0M_q30,moex,24M,504,0M,0,0.3,2015-07-01,2024-12-30,3.410687957999471,ME,1.0,0.0,fixed_notional_sleeves,252,2015-07-01,2024-12-30,2407,0.09304375062247106,0.009357801123700549,0.07771122338330891,0.15869208993098036,-0.1502818539157027,0.062268336993963364,0.5072704611549647,114,23.62475337660112,2.473385064770869,0.2072346787421151,66.87719298245614,19.587719298245613,19.587719298245613,2,2,0.9999999999999996,1.0000000000000002,2.5153490401663703e-16,195,0.009655301804448374,1.0000000000000002,116,0.9898392453832868,0.01287984878019466
moex_lb24M_sk1M_q10,moex,24M,504,1M,21,0.1,2015-07-01,2024-12-30,3.27909862499655,ME,1.0,0.0,fixed_notional_sleeves,252,2015-07-01,2024-12-30,2407,-0.19362653913491334,-0.022279224054440272,0.1263698154119886,-0.11515928919519637,-0.2937393701740314,-0.0758469116388468,0.48400498545907766,114,30.173235196673897,3.1589760156052438,0.2670197805015389,66.16666666666667,6.201754385964913,6.201754385964913,1,1,0.9999999999999997,1.0000000000000002,2.220446049250313e-16,88,0.009896675232035015,1.0000000000000002,39,0.49504950495049505,0.037213951484176874
moex_lb24M_sk1M_q20,moex,24M,504,1M,21,0.2,2015-07-01,2024-12-30,3.3499852500026464,ME,1.0,0.0,fixed_notional_sleeves,252,2015-07-01,2024-12-30,2407,0.041883689870586105,0.004304893641225993,0.09650055167450972,0.09276374824577159,-0.18992033548354503,0.022666838863071487,0.5002077274615704,114,26.109675735839343,2.733543118168473,0.22903224329683633,66.16666666666667,12.81578947368421,12.81578947368421,1,1,0.9999999999999997,1.0000000000000004,2.983724378680108e-16,130,0.009458020149404394,1.0,77,0.9898392453832868,0.01905492962292826
moex_lb24M_sk1M_q30,moex,24M,504,1M,21,0.3,2015-07-01,2024-12-30,3.4660581670032116,ME,1.0,0.0,fixed_notional_sleeves,252,2015-07-01,2024-12-30,2407,-0.19766206573001788,-0.02279265048515544,0.07957355887388351,-0.24993845691648098,-0.2192912996319346,-0.10393777830407015,0.4864977149979227,114,23.534795608590745,2.4639669685770116,0.2064455755139539,66.16666666666667,19.342105263157894,19.342105263157894,1,1,0.9999999999999997,1.0000000000000004,2.5673907444456745e-16,157,0.009226230876480971,1.0,117,0.9898392453832868,0.012860271096646395
moex_lb24M_sk3M_q10,moex,24M,504,3M,63,0.1,2015-07-01,2024-12-30,3.298835166002391,ME,1.0,0.0,fixed_notional_sleeves,252,2015-07-01,2024-12-30,2407,-0.26416163281763594,-0.03160434043051241,0.12303653548819342,-0.199462196114626,-0.2966361947848678,-0.10654242801837827,0.48774407976734524,114,33.09292979777429,3.464652392621155,0.2902888578752131,64.95614035087719,6.0964912280701755,6.0964912280701755,1,1,0.9999999999999997,1.0000000000000002,2.220446049250313e-16,81,0.00963421514884481,0.9999999999999999,39,0.45916114790286977,0.03770839731558258
moex_lb24M_sk3M_q20,moex,24M,504,3M,63,0.2,2015-07-01,2024-12-30,3.3651085409946973,ME,1.0,0.0,fixed_notional_sleeves,252,2015-07-01,2024-12-30,2407,-0.1259090985017931,-0.013990068850838866,0.09562803677979208,-0.0996309785181528,-0.23947913368715157,-0.058418738348682504,0.48774407976734524,114,26.962331266929333,2.822811582578393,0.23651167778008186,64.95614035087719,12.631578947368421,12.631578947368421,1,1,0.9999999999999997,1.0000000000000002,2.2898349882893854e-16,129,0.009453806037402061,1.0000000000000002,77,0.9898392453832868,0.019681490826923026
moex_lb24M_sk3M_q30,moex,24M,504,3M,63,0.3,2015-07-01,2024-12-30,3.407160541995836,ME,1.0,0.0,fixed_notional_sleeves,252,2015-07-01,2024-12-30,2407,-0.324781310174483,-0.04028176088605173,0.08141208707609678,-0.46429969500485485,-0.3692006221106561,-0.10910534401531578,0.4798504362276693,114,24.393985615131996,2.553919557546017,0.2139823299572982,64.95614035087719,18.973684210526315,18.973684210526315,1,1,0.9999999999999997,1.0000000000000004,2.3592239273284576e-16,174,0.009459274668906505,1.0000000000000002,114,0.9898392453832868,0.013263627163343412
crypto_lb6M_sk0M_q10,crypto,6M,182,0M,0,0.1,2020-05-01,2025-06-30,2.503215917000489,ME,1.0,0.0,fixed_notional_sleeves,365,2020-05-01,2025-06-30,1887,-0.18228702167390443,-0.03817845327225844,0.4111399109207696,0.11059575377675622,-0.7395641241382691,-0.05162291142332451,0.5066242713301536,62,35.969175892484586,6.9574717545081475,0.5801479982658803,40.74193548387097,3.629032258064516,3.629032258064516,2,2,0.9999999999999998,1.0000000000000002,2.220446049250313e-16,73,0.005363291422401468,0.2843157078475581,0,0.0,0.0
crypto_lb6M_sk0M_q20,crypto,6M,182,0M,0,0.2,2020-05-01,2025-06-30,2.538792375002231,ME,1.0,0.0,fixed_notional_sleeves,365,2020-05-01,2025-06-30,1887,0.16550352894820586,0.03006739206730269,0.3194923600135358,0.25122782869808485,-0.38285914628141204,0.07853382205789679,0.49814520402755696,62,30.91758564210099,5.98034910406299,0.4986707361629192,40.74193548387097,7.725806451612903,7.725806451612903,5,5,0.9999999999999998,1.0000000000000002,2.3592239273284576e-16,80,0.002553320059200117,0.13368575333347443,0,0.0,0.0
crypto_lb6M_sk0M_q30,crypto,6M,182,0M,0,0.3,2020-05-01,2025-06-30,2.6202066249970812,ME,1.0,0.0,fixed_notional_sleeves,365,2020-05-01,2025-06-30,1887,0.07163872018231521,0.013473093220786936,0.26537335611365875,0.1826548763079401,-0.32489442246791855,0.04146914286322452,0.505564387917329,62,27.749337578797725,5.367518927536391,0.4475699609483504,40.74193548387097,11.790322580645162,11.790322580645162,8,8,0.9999999999999997,1.0000000000000002,2.498001805406602e-16,153,0.0033572869239177627,0.07538983567032531,0,0.0,0.0
crypto_lb6M_sk1M_q10,crypto,6M,182,1M,30,0.1,2020-05-01,2025-06-30,2.5066394170062267,ME,1.0,0.0,fixed_notional_sleeves,365,2020-05-01,2025-06-30,1887,-0.2658158662639033,-0.05801750666644967,0.4414756343809897,0.08234391989331087,-0.6211683856164493,-0.09340061086475437,0.4960254372019078,62,36.15830459265595,6.994054677434776,0.5831984611718701,39.935483870967744,3.5806451612903225,3.5806451612903225,2,2,0.9999999999999998,1.0000000000000002,2.220446049250313e-16,78,0.006026318330667146,0.27986193130556763,0,0.0,0.0
crypto_lb6M_sk1M_q20,crypto,6M,182,1M,30,0.2,2020-05-01,2025-06-30,2.5922618329932448,ME,1.0,0.0,fixed_notional_sleeves,365,2020-05-01,2025-06-30,1887,0.9597665495160375,0.1389921014887856,0.3110779313518769,0.5729656241696687,-0.31132838123006823,0.44644854073253276,0.5140434552199258,62,32.121246895240645,6.213171762990374,0.5180846273425911,39.935483870967744,7.580645161290323,7.580645161290323,5,5,0.9999999999999997,1.0000000000000004,2.3592239273284576e-16,103,0.0033617190389422773,0.1141112057721753,0,0.0,0.0
crypto_lb6M_sk1M_q30,crypto,6M,182,1M,30,0.3,2020-05-01,2025-06-30,2.6368942920016707,ME,1.0,0.0,fixed_notional_sleeves,365,2020-05-01,2025-06-30,1887,0.7773622898186976,0.11767064669393679,0.25230595348120877,0.5667307274244847,-0.2868007912486328,0.410287036453557,0.49920508744038156,62,28.78461753800113,5.567771807827457,0.46426802480646984,39.935483870967744,11.516129032258064,11.516129032258064,8,8,0.9999999999999997,1.0000000000000002,2.7755575615628914e-16,153,0.003353574348523604,0.07285466664596028,0,0.0,0.0
crypto_lb6M_sk3M_q10,crypto,6M,182,3M,91,0.1,2020-05-01,2025-06-30,2.495901333000802,ME,1.0,0.0,fixed_notional_sleeves,365,2020-05-01,2025-06-30,1887,-0.3829946010232056,-0.08917307110693284,0.3978779852480863,-0.034799068095195125,-0.6075664134314176,-0.14677090295907008,0.5103338632750397,62,37.31299607212736,7.217405175583724,0.6018225172923768,38.145161290322584,3.403225806451613,3.403225806451613,2,2,0.9999999999999998,1.0000000000000002,2.220446049250313e-16,47,0.00416056186173779,0.20702653298268078,0,0.0,0.0
crypto_lb6M_sk3M_q20,crypto,6M,182,3M,91,0.2,2020-05-01,2025-06-30,2.557002207999176,ME,1.0,0.0,fixed_notional_sleeves,365,2020-05-01,2025-06-30,1887,-0.3012707784355051,-0.06699306772492852,0.2854617004013358,-0.09979485790742805,-0.5746985330962844,-0.11657079993573705,0.5007949125596184,62,32.16339481989273,6.221324382226204,0.518764432578915,38.145161290322584,7.225806451612903,7.225806451612903,5,5,0.9999999999999997,1.0000000000000004,2.1510571102112408e-16,90,0.0031298836082781626,0.10939949840791564,0,0.0,0.0
crypto_lb6M_sk3M_q30,crypto,6M,182,3M,91,0.3,2020-05-01,2025-06-30,2.6213645830066525,ME,1.0,0.0,fixed_notional_sleeves,365,2020-05-01,2025-06-30,1887,0.2666429631917422,0.04678206642125282,0.23875747942815959,0.3111233806904218,-0.43576763321581913,0.10735553275496128,0.5082140964493905,62,29.735046045769774,5.751611980236337,0.47959751686725444,38.145161290322584,11.0,11.0,8,8,0.9999999999999997,1.0000000000000002,2.0816681711721685e-16,117,0.00262114423551083,0.07223621820601998,0,0.0,0.0
crypto_lb12M_sk0M_q10,crypto,12M,365,0M,0,0.1,2020-05-01,2025-06-30,2.512756124997395,ME,1.0,0.0,fixed_notional_sleeves,365,2020-05-01,2025-06-30,1887,-0.20276851642947835,-0.042886142569263486,0.4164830110874779,0.103263448942269,-0.5152198013875997,-0.08323853713262129,0.49761526232114467,62,32.208050299505175,6.229962034615468,0.5194846822500836,35.67741935483871,3.1129032258064515,3.1129032258064515,2,2,0.9999999999999998,1.0000000000000002,1.942890293094024e-16,83,0.006504070566197654,0.2465584065132348,0,0.0,0.0
crypto_lb12M_sk0M_q20,crypto,12M,365,0M,0,0.2,2020-05-01,2025-06-30,2.573367540993786,ME,1.0,0.0,fixed_notional_sleeves,365,2020-05-01,2025-06-30,1887,-0.08333464060538043,-0.016689929166293083,0.3125996819139003,0.10355409066171571,-0.48176860418921263,-0.03464304029188706,0.510863804981452,62,26.458108419789127,5.117758120414961,0.4267436841901472,35.67741935483871,6.741935483870968,6.741935483870968,5,5,0.9999999999999997,1.0000000000000004,2.220446049250313e-16,83,0.003199243612062899,0.11915849138855265,0,0.0,0.0
crypto_lb12M_sk0M_q30,crypto,12M,365,0M,0,0.3,2020-05-01,2025-06-30,2.6291308750005555,ME,1.0,0.0,fixed_notional_sleeves,365,2020-05-01,2025-06-30,1887,0.07796577086257117,0.014627754149519445,0.24749895853038564,0.1830143604016774,-0.36754298298448695,0.03979875776906573,0.5087440381558028,62,23.845404607242376,4.61238615879357,0.3846033001168126,35.67741935483871,10.258064516129032,10.258064516129032,8,8,0.9999999999999997,1.0000000000000004,2.0816681711721685e-16,117,0.0030314953128980113,0.08466916622180447,0,0.0,0.0
crypto_lb12M_sk1M_q10,crypto,12M,365,1M,30,0.1,2020-05-01,2025-06-30,2.5338656250023632,ME,1.0,0.0,fixed_notional_sleeves,365,2020-05-01,2025-06-30,1887,0.06845739190094657,0.012890435050589621,0.4086671657717224,0.2367676018034363,-0.5318638996093601,0.024236341402485304,0.5023847376788553,62,35.21195668475691,6.811003810247097,0.5679347852380147,34.903225806451616,3.0161290322580645,3.0161290322580645,2,2,0.9999999999999998,1.0000000000000002,2.220446049250313e-16,70,0.0049110045207141784,0.23306068242860886,0,0.0,0.0
crypto_lb12M_sk1M_q20,crypto,12M,365,1M,30,0.2,2020-05-01,2025-06-30,2.5780540829946403,ME,1.0,0.0,fixed_notional_sleeves,365,2020-05-01,2025-06-30,1887,-0.1774563101668828,-0.03708199165228432,0.3308903548914337,0.05067090803074202,-0.4427227806430568,-0.08375894187875889,0.4954954954954955,62,28.78366930039666,5.567588391438676,0.46425273065155903,34.903225806451616,6.564516129032258,6.564516129032258,5,5,0.9999999999999997,1.0000000000000002,2.3592239273284576e-16,70,0.0023840806892554663,0.10862649071534028,0,0.0,0.0
crypto_lb12M_sk1M_q30,crypto,12M,365,1M,30,0.3,2020-05-01,2025-06-30,2.6548007919991505,ME,1.0,0.0,fixed_notional_sleeves,365,2020-05-01,2025-06-30,1887,-0.14243732329162972,-0.029285084786284776,0.2570300982793462,0.012677020276055412,-0.4770000628972867,-0.061394299632599396,0.4970853206147324,62,25.44852475916499,4.92247564233981,0.4104600767607256,34.903225806451616,10.048387096774194,10.048387096774194,7,7,0.9999999999999997,1.0000000000000004,2.220446049250313e-16,135,0.0032284046357471253,0.0769836245145579,0,0.0,0.0
crypto_lb12M_sk3M_q10,crypto,12M,365,3M,91,0.1,2020-05-01,2025-06-30,2.5119380410033045,ME,1.0,0.0,fixed_notional_sleeves,365,2020-05-01,2025-06-30,1887,-0.03525387698322857,-0.006918172848106474,0.4165432351291794,0.19401161367513456,-0.4599397365741923,-0.015041476737008376,0.5103338632750397,62,33.49051933777899,6.4780283827712415,0.540169666738371,32.935483870967744,2.7903225806451615,2.7903225806451615,2,2,0.9999999999999998,1.0000000000000002,2.220446049250313e-16,29,0.0023544794041100263,0.16163362821985433,0,0.0,0.0
crypto_lb12M_sk3M_q20,crypto,12M,365,3M,91,0.2,2020-05-01,2025-06-30,2.560834582996904,ME,1.0,0.0,fixed_notional_sleeves,365,2020-05-01,2025-06-30,1887,-0.25502918576714717,-0.055356240007808255,0.3078145568375285,-0.02992384887840964,-0.6218822426707311,-0.08901402260671688,0.4965553789083201,62,28.501787169127592,5.513064290795745,0.45970624466334825,32.935483870967744,6.193548387096774,6.193548387096774,4,4,0.9999999999999997,1.0000000000000004,2.220446049250313e-16,47,0.00112622540788966,0.07914252446575647,0,0.0,0.0
crypto_lb12M_sk3M_q30,crypto,12M,365,3M,91,0.3,2020-05-01,2025-06-30,2.619038874996477,ME,1.0,0.0,fixed_notional_sleeves,365,2020-05-01,2025-06-30,1887,-0.3907807301495302,-0.09140772829724486,0.24301251474543045,-0.2724120494630568,-0.6042402358274304,-0.15127712932269988,0.501854795972443,62,25.56886688639601,4.945753266314013,0.4124010788128388,32.935483870967744,9.435483870967742,9.435483870967742,6,6,0.9999999999999997,1.0000000000000002,2.0816681711721685e-16,70,0.0013768379261126374,0.06371753056082884,0,0.0,0.0
crypto_lb24M_sk0M_q10,crypto,24M,730,0M,0,0.1,2020-05-01,2025-06-30,2.5069849580031587,ME,1.0,0.0,fixed_notional_sleeves,365,2020-05-01,2025-06-30,1887,-0.7941744525696126,-0.26343506091978863,0.45429723921453946,-0.4396723872001249,-0.817215809116727,-0.3223567850510842,0.48966613672496023,62,29.378286868134865,5.682604508144793,0.49793706556160783,24.983870967741936,2.064516129032258,2.064516129032258,1,1,0.9999999999999998,1.0000000000000002,1.942890293094024e-16,31,0.003479621911956372,0.24661375145494804,0,0.0,0.0
crypto_lb24M_sk0M_q20,crypto,24M,730,0M,0,0.2,2020-05-01,2025-06-30,2.5474656669975957,ME,1.0,0.0,fixed_notional_sleeves,365,2020-05-01,2025-06-30,1887,-0.5021689066012609,-0.12621021832934398,0.3092162331009275,-0.2804819124060038,-0.5962913195471243,-0.211658654406036,0.4965553789083201,62,25.873075183726954,5.004595888744217,0.41730766425366067,24.983870967741936,4.612903225806452,4.612903225806452,1,1,0.9999999999999998,1.0000000000000002,2.220446049250313e-16,36,0.001759875598103977,0.11610223135658561,0,0.0,0.0
crypto_lb24M_sk0M_q30,crypto,24M,730,0M,0,0.3,2020-05-01,2025-06-30,2.5670234589997563,ME,1.0,0.0,fixed_notional_sleeves,365,2020-05-01,2025-06-30,1887,-0.5258420194384923,-0.134406050055229,0.2593634710241573,-0.4258435482148594,-0.6640583963924656,-0.2024009496535205,0.4965553789083201,62,24.508695402673133,4.7406856502255925,0.39530153875279256,24.983870967741936,7.048387096774194,7.048387096774194,2,2,0.9999999999999998,1.0000000000000004,2.7755575615628914e-16,36,0.0011748441558229196,0.07064287244887532,0,0.0,0.0
crypto_lb24M_sk1M_q10,crypto,24M,730,1M,30,0.1,2020-05-01,2025-06-30,2.5121329999965383,ME,1.0,0.0,fixed_notional_sleeves,365,2020-05-01,2025-06-30,1887,-0.874752767702955,-0.33091322908465015,0.4452460850670078,-0.6746972484407575,-0.8778541124057117,-0.37695697315559684,0.49867514573396926,62,29.49178782469745,5.704558853213868,0.4998608105880924,24.193548387096776,2.0483870967741935,2.0483870967741935,1,1,0.9999999999999998,1.0000000000000002,1.942890293094024e-16,22,0.002202900519255197,0.22502174947245981,0,0.0,0.0
crypto_lb24M_sk1M_q20,crypto,24M,730,1M,30,0.2,2020-05-01,2025-06-30,2.576595291000558,ME,1.0,0.0,fixed_notional_sleeves,365,2020-05-01,2025-06-30,1887,-0.2351198057930185,-0.05052480560062422,0.33106183233604275,0.007362747780055358,-0.5952829464885243,-0.08487527804829904,0.5135135135135135,62,26.482675565138706,5.122510111963766,0.43414222237932304,24.193548387096776,4.516129032258065,4.516129032258065,1,1,0.9999999999999998,1.0000000000000002,2.220446049250313e-16,67,0.003266408311048209,0.13002047444959342,0,0.0,0.0
crypto_lb24M_sk1M_q30,crypto,24M,730,1M,30,0.3,2020-05-01,2025-06-30,2.608598708997306,ME,1.0,0.0,fixed_notional_sleeves,365,2020-05-01,2025-06-30,1887,-0.6282535315966258,-0.1742028164731877,0.28112097451118995,-0.5390500761564828,-0.7332573271552753,-0.23757391848918866,0.5045045045045045,62,25.08511625572368,4.852181999649784,0.40459864928586575,24.193548387096776,6.870967741935484,6.870967741935484,1,1,0.9999999999999998,1.0000000000000002,2.0816681711721685e-16,67,0.0022157900912938987,0.08742729603156683,0,0.0,0.0
crypto_lb24M_sk3M_q10,crypto,24M,730,3M,91,0.1,2020-05-01,2025-06-30,2.517629708003369,ME,1.0,0.0,fixed_notional_sleeves,365,2020-05-01,2025-06-30,1887,-0.575824050636168,-0.15285703956825614,0.5071159668688179,-0.06460795231441915,-0.7448067978641935,-0.20523045708845394,0.5066242713301536,62,29.967325577415963,5.796541513384645,0.5257425539897538,22.370967741935484,1.8387096774193548,1.8387096774193548,1,1,0.9999999999999998,1.0000000000000002,1.942890293094024e-16,13,0.0013500699464487867,0.21088755143379465,0,0.0,0.0
crypto_lb24M_sk3M_q20,crypto,24M,730,3M,91,0.2,2020-05-01,2025-06-30,2.5697668329958105,ME,1.0,0.0,fixed_notional_sleeves,365,2020-05-01,2025-06-30,1887,-0.28539776984366316,-0.06293038269655415,0.35918264606104794,-0.00025511353772477606,-0.5539343379021489,-0.11360621357196067,0.5124536301006889,62,25.149216204358275,4.864580770848315,0.4191536034059713,22.370967741935484,4.064516129032258,4.064516129032258,1,1,0.9999999999999997,1.0000000000000002,2.220446049250313e-16,45,0.002527852496089978,0.12545673683078531,0,0.0,0.0
crypto_lb24M_sk3M_q30,crypto,24M,730,3M,91,0.3,2020-05-01,2025-06-30,2.6137750420020893,ME,1.0,0.0,fixed_notional_sleeves,365,2020-05-01,2025-06-30,1887,-0.3798898414022356,-0.08828832982896873,0.2886617849732573,-0.174145535156931,-0.45756147213811427,-0.19295402957860713,0.5156332803391627,62,24.53622431774702,4.746010533109519,0.40223318553683646,22.370967741935484,6.274193548387097,6.274193548387097,1,1,0.9999999999999997,1.0000000000000004,2.3592239273284576e-16,65,0.0023316245126035386,0.08642962559851868,0,0.0,0.0
